 	Image A	Image B	ROI	Auto Threshold A	Auto Threshold B	Using Stack Histogram	Pearson's Coefficient	M1	M2	Threshold A	Threshold B	Thresholded M1	Thresholded M2	Random Pearson Costes 2D	Random Pearson Costes 2D pValueCorrelated	Random Pearson Costes 2D pValueAntiCorrelated	Area tot	Area A	Area B	Area Overlap	Timepoint
11	C3-d1-doxo-dapi-405-fak-488-dnapk-546-h2ax-647_01_Out_Channel Alignment.czi_nucleo_0(14).tif T1	C1-d1-doxo-dapi-405-fak-488-dnapk-546-h2ax-647_01_Out_Channel Alignment.czi_nucleo_0(14).tif T1	nucleus	Otsu	Otsu	TRUE	0.247	0.547	0.851	1771	2353	0.13	0.485	30.877	1	0	216.978	26.047	6.943	3.015	1
12	C3-d1-doxo-dapi-405-fak-488-dnapk-546-h2ax-647_01_Out_Channel Alignment.czi_nucleo_0(14).tif T1	C1-d1-doxo-dapi-405-fak-488-dnapk-546-h2ax-647_01_Out_Channel Alignment.czi_nucleo_0(14).tif T1	combine	Otsu	Otsu	TRUE	0.206	0.72	0.875	2665	2076	0.189	0.361	6.665	1	2.15E-21	22.311	4.883	2.456	0.92	1
13	C3-d1-doxo-dapi-405-fak-488-dnapk-546-h2ax-647_01_Out_Channel Alignment.czi_nucleo_0(14).tif T1	C1-d1-doxo-dapi-405-fak-488-dnapk-546-h2ax-647_01_Out_Channel Alignment.czi_nucleo_0(14).tif T1	nucleus without clusters	Otsu	Otsu	TRUE	0.233	0.5	0.845	1371	2660	0.088	0.586	27.481	1	0	194.692	29.469	4.073	2.104	1
14	C3-d1-doxo-dapi-405-fak-488-dnapk-546-h2ax-647_01_Out_Channel Alignment.czi_nucleo_1(15).tif T1	C1-d1-doxo-dapi-405-fak-488-dnapk-546-h2ax-647_01_Out_Channel Alignment.czi_nucleo_1(15).tif T1	nucleus	Otsu	Otsu	TRUE	0.375	0.613	0.922	1941	4126	0.217	0.612	48.835	1	0	205.247	31.658	9.692	5.477	1
15	C3-d1-doxo-dapi-405-fak-488-dnapk-546-h2ax-647_01_Out_Channel Alignment.czi_nucleo_1(15).tif T1	C1-d1-doxo-dapi-405-fak-488-dnapk-546-h2ax-647_01_Out_Channel Alignment.czi_nucleo_1(15).tif T1	combine	Otsu	Otsu	TRUE	0.451	0.797	0.967	2990	4854	0.423	0.593	13.451	1	5.58E-81	27.781	6.1	4.386	2.464	1
16	C3-d1-doxo-dapi-405-fak-488-dnapk-546-h2ax-647_01_Out_Channel Alignment.czi_nucleo_1(15).tif T1	C1-d1-doxo-dapi-405-fak-488-dnapk-546-h2ax-647_01_Out_Channel Alignment.czi_nucleo_1(15).tif T1	nucleus without clusters	Otsu	Otsu	TRUE	0.225	0.55	0.893	1424	3280	0.099	0.546	30.528	1	0	177.466	37.71	6.503	3.196	1
17	C3-d1-doxo-dapi-405-fak-488-dnapk-546-h2ax-647_02_Out_Channel Alignment.czi_nucleo_0(15).tif T1	C1-d1-doxo-dapi-405-fak-488-dnapk-546-h2ax-647_02_Out_Channel Alignment.czi_nucleo_0(15).tif T1	nucleus	Otsu	Otsu	TRUE	0.439	0.775	0.845	1992	3493	0.242	0.699	59.724	1	0	353.374	35.589	10.439	6.587	1
18	C3-d1-doxo-dapi-405-fak-488-dnapk-546-h2ax-647_02_Out_Channel Alignment.czi_nucleo_0(15).tif T1	C1-d1-doxo-dapi-405-fak-488-dnapk-546-h2ax-647_02_Out_Channel Alignment.czi_nucleo_0(15).tif T1	combine	Otsu	Otsu	TRUE	0.461	0.939	0.915	3022	5046	0.335	0.699	18.386	1	2.32E-149	36.838	9.94	4.729	3.162	1
19	C3-d1-doxo-dapi-405-fak-488-dnapk-546-h2ax-647_02_Out_Channel Alignment.czi_nucleo_0(15).tif T1	C1-d1-doxo-dapi-405-fak-488-dnapk-546-h2ax-647_02_Out_Channel Alignment.czi_nucleo_0(15).tif T1	nucleus without clusters	Otsu	Otsu	TRUE	0.208	0.716	0.799	1225	1305	0.17	0.4	31.096	1	0	316.537	54.722	24.018	8.524	1
20	C3-d1-doxo-dapi-405-fak-488-dnapk-546-h2ax-647_03_Out_Channel Alignment.czi_nucleo_0(11).tif T1	C1-d1-doxo-dapi-405-fak-488-dnapk-546-h2ax-647_03_Out_Channel Alignment.czi_nucleo_0(11).tif T1	nucleus	Otsu	Otsu	TRUE	0.436	0.627	0.849	2850	7785	0.275	0.622	62.293	1	0	318.253	24.972	10.172	5.859	1
21	C3-d1-doxo-dapi-405-fak-488-dnapk-546-h2ax-647_03_Out_Channel Alignment.czi_nucleo_0(11).tif T1	C1-d1-doxo-dapi-405-fak-488-dnapk-546-h2ax-647_03_Out_Channel Alignment.czi_nucleo_0(11).tif T1	combine	Otsu	Otsu	TRUE	0.451	0.823	0.937	3909	9389	0.353	0.669	17.785	1	6.64E-140	38.595	9.811	5.345	3.383	1
22	C3-d1-doxo-dapi-405-fak-488-dnapk-546-h2ax-647_03_Out_Channel Alignment.czi_nucleo_0(11).tif T1	C1-d1-doxo-dapi-405-fak-488-dnapk-546-h2ax-647_03_Out_Channel Alignment.czi_nucleo_0(11).tif T1	nucleus without clusters	Otsu	Otsu	TRUE	0.227	0.524	0.778	1568	5886	0.093	0.533	30.73	1	0	279.658	36.195	5.45	2.688	1
23	C3-d1-doxo-dapi-405-fak-488-dnapk-546-h2ax-647_03_Out_Channel Alignment.czi_nucleo_1(10).tif T1	C1-d1-doxo-dapi-405-fak-488-dnapk-546-h2ax-647_03_Out_Channel Alignment.czi_nucleo_1(10).tif T1	nucleus	Otsu	Otsu	TRUE	0.401	0.599	0.825	2257	5214	0.324	0.529	59.602	1	0	344.144	34.519	19.901	9.727	1
24	C3-d1-doxo-dapi-405-fak-488-dnapk-546-h2ax-647_03_Out_Channel Alignment.czi_nucleo_1(10).tif T1	C1-d1-doxo-dapi-405-fak-488-dnapk-546-h2ax-647_03_Out_Channel Alignment.czi_nucleo_1(10).tif T1	combine	Otsu	Otsu	TRUE	0.387	0.778	0.904	3064	6025	0.434	0.545	16.634	1	1.15E-122	53.092	14.808	12.02	6.24	1
25	C3-d1-doxo-dapi-405-fak-488-dnapk-546-h2ax-647_03_Out_Channel Alignment.czi_nucleo_1(10).tif T1	C1-d1-doxo-dapi-405-fak-488-dnapk-546-h2ax-647_03_Out_Channel Alignment.czi_nucleo_1(10).tif T1	nucleus without clusters	Otsu	Otsu	TRUE	0.156	0.483	0.742	1277	3818	0.091	0.406	24.239	1	8.11E-258	291.052	44.349	9.867	3.684	1
26	C3-d1-doxo-dapi-405-fak-488-dnapk-546-h2ax-647_04_Out_Channel Alignment.czi_nucleo_0(12).tif T1	C1-d1-doxo-dapi-405-fak-488-dnapk-546-h2ax-647_04_Out_Channel Alignment.czi_nucleo_0(12).tif T1	nucleus	Otsu	Otsu	TRUE	0.258	0.73	0.8	573	2645	0.26	0.27	40.427	1	0	458.711	43.452	40.083	10.631	1
27	C3-d1-doxo-dapi-405-fak-488-dnapk-546-h2ax-647_04_Out_Channel Alignment.czi_nucleo_0(12).tif T1	C1-d1-doxo-dapi-405-fak-488-dnapk-546-h2ax-647_04_Out_Channel Alignment.czi_nucleo_0(12).tif T1	combine	Otsu	Otsu	TRUE	0.288	0.85	0.839	847	2550	0.321	0.447	14.131	1	3.75E-89	57.359	13.333	9.592	4.144	1
28	C3-d1-doxo-dapi-405-fak-488-dnapk-546-h2ax-647_04_Out_Channel Alignment.czi_nucleo_0(12).tif T1	C1-d1-doxo-dapi-405-fak-488-dnapk-546-h2ax-647_04_Out_Channel Alignment.czi_nucleo_0(12).tif T1	nucleus without clusters	Otsu	Otsu	TRUE	0.23	0.676	0.79	352	2747	0.193	0.385	39.478	1	0	401.352	58.444	29.55	10.733	1
29	C3-d1-doxo-dapi-405-fak-488-dnapk-546-h2ax-647_05_Out_Channel Alignment.czi_nucleo_0(10).tif T1	C1-d1-doxo-dapi-405-fak-488-dnapk-546-h2ax-647_05_Out_Channel Alignment.czi_nucleo_0(10).tif T1	nucleus	Otsu	Otsu	TRUE	0.173	0.586	0.809	3857	8994	0.06	0.178	19.931	1	4.26E-175	243.47	11.921	4.494	0.808	1
30	C3-d1-doxo-dapi-405-fak-488-dnapk-546-h2ax-647_05_Out_Channel Alignment.czi_nucleo_0(10).tif T1	C1-d1-doxo-dapi-405-fak-488-dnapk-546-h2ax-647_05_Out_Channel Alignment.czi_nucleo_0(10).tif T1	combine	Otsu	Otsu	TRUE	0.135	0.703	0.849	4945	5874	0.116	0.337	3.861	1	2.37E-08	21.689	5.124	1.892	0.659	1
31	C3-d1-doxo-dapi-405-fak-488-dnapk-546-h2ax-647_05_Out_Channel Alignment.czi_nucleo_0(10).tif T1	C1-d1-doxo-dapi-405-fak-488-dnapk-546-h2ax-647_05_Out_Channel Alignment.czi_nucleo_0(10).tif T1	nucleus without clusters	Otsu	Otsu	TRUE	0.172	0.535	0.8	2268	10458	0.056	0.369	22.71	1	1.26E-226	221.781	14.587	2.845	0.89	1
32	C3-d1-doxo-dapi-405-fak-488-dnapk-546-h2ax-647_05_Out_Channel Alignment.czi_nucleo_1(13).tif T1	C1-d1-doxo-dapi-405-fak-488-dnapk-546-h2ax-647_05_Out_Channel Alignment.czi_nucleo_1(13).tif T1	nucleus	Otsu	Otsu	TRUE	0.267	0.531	0.84	2102	6431	0.218	0.43	29.948	1	0	217.685	25.822	12.194	4.978	1
33	C3-d1-doxo-dapi-405-fak-488-dnapk-546-h2ax-647_05_Out_Channel Alignment.czi_nucleo_1(13).tif T1	C1-d1-doxo-dapi-405-fak-488-dnapk-546-h2ax-647_05_Out_Channel Alignment.czi_nucleo_1(13).tif T1	combine	Otsu	Otsu	TRUE	0.259	0.706	0.904	2989	6605	0.322	0.464	8.807	1	6.56E-36	34.389	8.664	6.207	2.762	1
34	C3-d1-doxo-dapi-405-fak-488-dnapk-546-h2ax-647_05_Out_Channel Alignment.czi_nucleo_1(13).tif T1	C1-d1-doxo-dapi-405-fak-488-dnapk-546-h2ax-647_05_Out_Channel Alignment.czi_nucleo_1(13).tif T1	nucleus without clusters	Otsu	Otsu	TRUE	0.145	0.435	0.796	1343	6888	0.074	0.412	18.576	1	2.13E-152	183.296	29.881	5.302	1.948	1
35	C3-d1-doxo-dapi-405-fak-488-dnapk-546-h2ax-647_05_Out_Channel Alignment.czi_nucleo_2(11).tif T1	C1-d1-doxo-dapi-405-fak-488-dnapk-546-h2ax-647_05_Out_Channel Alignment.czi_nucleo_2(11).tif T1	nucleus	Otsu	Otsu	TRUE	0.097	0.51	0.758	2626	2848	0.089	0.164	13.461	1	4.19E-81	286.154	22.719	13.591	2.158	1
36	C3-d1-doxo-dapi-405-fak-488-dnapk-546-h2ax-647_05_Out_Channel Alignment.czi_nucleo_2(11).tif T1	C1-d1-doxo-dapi-405-fak-488-dnapk-546-h2ax-647_05_Out_Channel Alignment.czi_nucleo_2(11).tif T1	combine	Otsu	Otsu	TRUE	0.002	0.517	0.763	3643	2689	0.057	0.182	-0.871	0.109	0.891	30.657	7.597	2.138	0.426	1
37	C3-d1-doxo-dapi-405-fak-488-dnapk-546-h2ax-647_05_Out_Channel Alignment.czi_nucleo_2(11).tif T1	C1-d1-doxo-dapi-405-fak-488-dnapk-546-h2ax-647_05_Out_Channel Alignment.czi_nucleo_2(11).tif T1	nucleus without clusters	Otsu	Otsu	TRUE	0.132	0.507	0.757	1589	2848	0.107	0.308	19.279	1	5.67E-164	255.497	34.069	11.63	3.342	1
38	C3-d1-doxo-dapi-405-fak-488-dnapk-546-h2ax-647_06_Out_Channel Alignment.czi_nucleo_0(16).tif T1	C1-d1-doxo-dapi-405-fak-488-dnapk-546-h2ax-647_06_Out_Channel Alignment.czi_nucleo_0(16).tif T1	nucleus	Otsu	Otsu	TRUE	0.35	0.579	0.853	2998	3346	0.227	0.52	40.35	1	0	245.822	20.476	8.094	4.014	1
39	C3-d1-doxo-dapi-405-fak-488-dnapk-546-h2ax-647_06_Out_Channel Alignment.czi_nucleo_0(16).tif T1	C1-d1-doxo-dapi-405-fak-488-dnapk-546-h2ax-647_06_Out_Channel Alignment.czi_nucleo_0(16).tif T1	combine	Otsu	Otsu	TRUE	0.386	0.805	0.93	4098	3889	0.294	0.597	14.227	1	2.44E-90	33.756	7.84	3.979	2.308	1
40	C3-d1-doxo-dapi-405-fak-488-dnapk-546-h2ax-647_06_Out_Channel Alignment.czi_nucleo_0(16).tif T1	C1-d1-doxo-dapi-405-fak-488-dnapk-546-h2ax-647_06_Out_Channel Alignment.czi_nucleo_0(16).tif T1	nucleus without clusters	Otsu	Otsu	TRUE	0.166	0.465	0.794	1705	2788	0.069	0.393	22.215	1	5.93E-217	212.065	29.949	4.499	1.641	1
41	C3-d1-doxo-dapi-405-fak-488-dnapk-546-h2ax-647_06_Out_Channel Alignment.czi_nucleo_1(17).tif T1	C1-d1-doxo-dapi-405-fak-488-dnapk-546-h2ax-647_06_Out_Channel Alignment.czi_nucleo_1(17).tif T1	nucleus	Otsu	Otsu	TRUE	0.388	0.746	0.888	3885	10175	0.421	0.303	61.53	1	0	371.448	26.693	36.868	10.212	1
42	C3-d1-doxo-dapi-405-fak-488-dnapk-546-h2ax-647_06_Out_Channel Alignment.czi_nucleo_1(17).tif T1	C1-d1-doxo-dapi-405-fak-488-dnapk-546-h2ax-647_06_Out_Channel Alignment.czi_nucleo_1(17).tif T1	combine	Otsu	Otsu	TRUE	0.45	0.93	0.939	5407	13176	0.464	0.519	17.143	1	3.90E-130	34.556	8.201	7.064	3.571	1
43	C3-d1-doxo-dapi-405-fak-488-dnapk-546-h2ax-647_06_Out_Channel Alignment.czi_nucleo_1(17).tif T1	C1-d1-doxo-dapi-405-fak-488-dnapk-546-h2ax-647_06_Out_Channel Alignment.czi_nucleo_1(17).tif T1	nucleus without clusters	Otsu	Otsu	TRUE	0.308	0.686	0.874	2331	9713	0.281	0.424	45.334	1	0	336.892	43.961	29.374	11.287	1
44	C3-d1-doxo-dapi-405-fak-488-dnapk-546-h2ax-647_06_Out_Channel Alignment.czi_nucleo_2(19).tif T1	C1-d1-doxo-dapi-405-fak-488-dnapk-546-h2ax-647_06_Out_Channel Alignment.czi_nucleo_2(19).tif T1	nucleus	Otsu	Otsu	TRUE	0.202	0.555	0.838	2633	3128	0.119	0.353	22.15	1	1.08E-215	188.957	22.327	6.343	2.317	1
45	C3-d1-doxo-dapi-405-fak-488-dnapk-546-h2ax-647_06_Out_Channel Alignment.czi_nucleo_2(19).tif T1	C1-d1-doxo-dapi-405-fak-488-dnapk-546-h2ax-647_06_Out_Channel Alignment.czi_nucleo_2(19).tif T1	combine	Otsu	Otsu	TRUE	0.227	0.759	0.905	3603	2740	0.213	0.445	9.948	1	2.98E-45	33.812	8.451	4.03	1.779	1
46	C3-d1-doxo-dapi-405-fak-488-dnapk-546-h2ax-647_06_Out_Channel Alignment.czi_nucleo_2(19).tif T1	C1-d1-doxo-dapi-405-fak-488-dnapk-546-h2ax-647_06_Out_Channel Alignment.czi_nucleo_2(19).tif T1	nucleus without clusters	Otsu	Otsu	TRUE	0.077	0.431	0.793	1568	4530	0.024	0.387	8.458	1	2.81E-33	155.145	28.381	1.75	0.621	1
47	C3-d1-doxo-dapi-405-fak-488-dnapk-546-h2ax-647_07_Out_Channel Alignment.czi_nucleo_0(15).tif T1	C1-d1-doxo-dapi-405-fak-488-dnapk-546-h2ax-647_07_Out_Channel Alignment.czi_nucleo_0(15).tif T1	nucleus	Otsu	Otsu	TRUE	0.268	0.544	0.782	1729	3190	0.23	0.272	36.113	1	0	259.798	10.246	8.796	2.357	1
48	C3-d1-doxo-dapi-405-fak-488-dnapk-546-h2ax-647_07_Out_Channel Alignment.czi_nucleo_0(15).tif T1	C1-d1-doxo-dapi-405-fak-488-dnapk-546-h2ax-647_07_Out_Channel Alignment.czi_nucleo_0(15).tif T1	combine	Otsu	Otsu	TRUE	0.081	0.685	0.803	2193	3535	0.178	0.283	0.655	0.823	0.177	16.116	3.78	2.355	0.735	1
49	C3-d1-doxo-dapi-405-fak-488-dnapk-546-h2ax-647_07_Out_Channel Alignment.czi_nucleo_0(15).tif T1	C1-d1-doxo-dapi-405-fak-488-dnapk-546-h2ax-647_07_Out_Channel Alignment.czi_nucleo_0(15).tif T1	nucleus without clusters	Otsu	Otsu	TRUE	0.28	0.502	0.777	1244	3290	0.214	0.324	35.387	1	0	243.682	9.97	5.878	1.801	1
50	C3-d1-doxo-dapi-405-fak-488-dnapk-546-h2ax-647_08_Out_Channel Alignment.czi_nucleo_2(15).tif T1	C1-d1-doxo-dapi-405-fak-488-dnapk-546-h2ax-647_08_Out_Channel Alignment.czi_nucleo_2(15).tif T1	nucleus	Otsu	Otsu	TRUE	0.269	0.68	0.843	1547	8174	0.32	0.31	29.531	1	0	277.65	32.145	32.401	9.275	1
51	C3-d1-doxo-dapi-405-fak-488-dnapk-546-h2ax-647_08_Out_Channel Alignment.czi_nucleo_2(15).tif T1	C1-d1-doxo-dapi-405-fak-488-dnapk-546-h2ax-647_08_Out_Channel Alignment.czi_nucleo_2(15).tif T1	combine	Otsu	Otsu	TRUE	0.315	0.736	0.893	2342	9490	0.396	0.466	12.696	1	2.22E-72	38.407	8.309	7.239	3.213	1
52	C3-d1-doxo-dapi-405-fak-488-dnapk-546-h2ax-647_08_Out_Channel Alignment.czi_nucleo_2(15).tif T1	C1-d1-doxo-dapi-405-fak-488-dnapk-546-h2ax-647_08_Out_Channel Alignment.czi_nucleo_2(15).tif T1	nucleus without clusters	Otsu	Otsu	TRUE	0.212	0.657	0.829	977	7827	0.218	0.389	25.04	1	5.70E-275	239.243	46.438	25.452	9.338	1
53	C3-d2-dox-h2ax-647-dnapk-564-fak-488-dapi-01_Out_Channel Alignment.czi_nucleo_1(14).tif T1	C1-d2-dox-h2ax-647-dnapk-564-fak-488-dapi-01_Out_Channel Alignment.czi_nucleo_1(14).tif T1	nucleus	Otsu	Otsu	TRUE	0.173	0.563	0.966	3640	3371	0.113	0.226	19.469	1	3.55E-167	211.368	14.428	6.796	1.509	1
54	C3-d2-dox-h2ax-647-dnapk-564-fak-488-dapi-01_Out_Channel Alignment.czi_nucleo_1(14).tif T1	C1-d2-dox-h2ax-647-dnapk-564-fak-488-dapi-01_Out_Channel Alignment.czi_nucleo_1(14).tif T1	combine	Otsu	Otsu	TRUE	0.123	0.723	0.962	4939	3179	0.117	0.265	3.078	1	6.73E-06	17.16	3.582	1.567	0.419	1
55	C3-d2-dox-h2ax-647-dnapk-564-fak-488-dapi-01_Out_Channel Alignment.czi_nucleo_1(14).tif T1	C1-d2-dox-h2ax-647-dnapk-564-fak-488-dapi-01_Out_Channel Alignment.czi_nucleo_1(14).tif T1	nucleus without clusters	Otsu	Otsu	TRUE	0.159	0.527	0.967	2766	3524	0.097	0.289	18.614	1	5.04E-153	194.208	16.632	5.029	1.372	1
56	C3-d2-dox-h2ax-647-dnapk-564-fak-488-dapi-02_Out_Channel Alignment.czi_nucleo_0(16).tif T1	C1-d2-dox-h2ax-647-dnapk-564-fak-488-dapi-02_Out_Channel Alignment.czi_nucleo_0(16).tif T1	nucleus	Otsu	Otsu	TRUE	0.115	0.534	0.971	1760	4780	0.038	0.168	15.977	1	2.40E-113	254.412	22.373	4.819	0.894	1
57	C3-d2-dox-h2ax-647-dnapk-564-fak-488-dapi-02_Out_Channel Alignment.czi_nucleo_0(16).tif T1	C1-d2-dox-h2ax-647-dnapk-564-fak-488-dapi-02_Out_Channel Alignment.czi_nucleo_0(16).tif T1	combine	Otsu	Otsu	TRUE	0.076	0.743	0.973	2755	6843	0.008	0.085	2.462	1	2.49E-04	23.293	4.897	0.373	0.044	1
58	C3-d2-dox-h2ax-647-dnapk-564-fak-488-dapi-02_Out_Channel Alignment.czi_nucleo_0(16).tif T1	C1-d2-dox-h2ax-647-dnapk-564-fak-488-dapi-02_Out_Channel Alignment.czi_nucleo_0(16).tif T1	nucleus without clusters	Otsu	Otsu	TRUE	0.103	0.475	0.971	1225	4651	0.043	0.27	13.117	1	4.04E-77	231.119	29.191	4.331	1.187	1
59	C3-d2-dox-h2ax-647-dnapk-564-fak-488-dapi-02_Out_Channel Alignment.czi_nucleo_1(18).tif T1	C1-d2-dox-h2ax-647-dnapk-564-fak-488-dapi-02_Out_Channel Alignment.czi_nucleo_1(18).tif T1	nucleus	Otsu	Otsu	TRUE	0.14	0.537	0.982	1700	2776	0.059	0.263	23.409	1	1.27E-240	339.283	37.259	6.205	1.773	1
60	C3-d2-dox-h2ax-647-dnapk-564-fak-488-dapi-02_Out_Channel Alignment.czi_nucleo_1(18).tif T1	C1-d2-dox-h2ax-647-dnapk-564-fak-488-dapi-02_Out_Channel Alignment.czi_nucleo_1(18).tif T1	combine	Otsu	Otsu	TRUE	0.301	0.712	0.985	2490	2140	0.202	0.505	12.709	1	1.57E-72	33.228	7.383	2.651	1.375	1
61	C3-d2-dox-h2ax-647-dnapk-564-fak-488-dapi-02_Out_Channel Alignment.czi_nucleo_1(18).tif T1	C1-d2-dox-h2ax-647-dnapk-564-fak-488-dapi-02_Out_Channel Alignment.czi_nucleo_1(18).tif T1	nucleus without clusters	Otsu	Otsu	TRUE	0.047	0.495	0.981	1322	3287	0.016	0.2	7.472	1	2.13E-26	306.912	43.055	3.459	0.7	1
62	C3-d2-dox-h2ax-647-dnapk-564-fak-488-dapi-02_Out_Channel Alignment.czi_nucleo_2(18).tif T1	C1-d2-dox-h2ax-647-dnapk-564-fak-488-dapi-02_Out_Channel Alignment.czi_nucleo_2(18).tif T1	nucleus	Otsu	Otsu	TRUE	0.092	0.515	0.974	1781	1202	0.031	0.112	10.28	1	3.45E-48	239.996	15.325	3.278	0.47	1
63	C3-d2-dox-h2ax-647-dnapk-564-fak-488-dapi-02_Out_Channel Alignment.czi_nucleo_2(18).tif T1	C1-d2-dox-h2ax-647-dnapk-564-fak-488-dapi-02_Out_Channel Alignment.czi_nucleo_2(18).tif T1	combine	Otsu	Otsu	TRUE	0.097	0.608	0.968	2271	2501	0.002	0.099	4.714	1	1.31E-11	26.495	6.58	0.105	0.016	1
64	C3-d2-dox-h2ax-647-dnapk-564-fak-488-dapi-02_Out_Channel Alignment.czi_nucleo_2(18).tif T1	C1-d2-dox-h2ax-647-dnapk-564-fak-488-dapi-02_Out_Channel Alignment.czi_nucleo_2(18).tif T1	nucleus without clusters	Otsu	Otsu	TRUE	0.078	0.482	0.975	1064	1227	0.027	0.199	9.443	1	5.53E-41	213.501	21.262	2.663	0.585	1
65	C3-d2-dox-h2ax-647-dnapk-564-fak-488-dapi-03_Out_Channel Alignment.czi_nucleo_0(15).tif T1	C1-d2-dox-h2ax-647-dnapk-564-fak-488-dapi-03_Out_Channel Alignment.czi_nucleo_0(15).tif T1	nucleus	Otsu	Otsu	TRUE	0.08	0.594	0.959	2858	445	0.071	0.212	11.033	1	3.46E-55	287.327	35.746	11.908	2.541	1
66	C3-d2-dox-h2ax-647-dnapk-564-fak-488-dapi-03_Out_Channel Alignment.czi_nucleo_0(15).tif T1	C1-d2-dox-h2ax-647-dnapk-564-fak-488-dapi-03_Out_Channel Alignment.czi_nucleo_0(15).tif T1	combine	Otsu	Otsu	TRUE	0.01	0.633	0.954	4148	499	0.051	0.19	-0.7	0.161	0.839	41.236	9.41	2.365	0.494	1
67	C3-d2-dox-h2ax-647-dnapk-564-fak-488-dapi-03_Out_Channel Alignment.czi_nucleo_0(15).tif T1	C1-d2-dox-h2ax-647-dnapk-564-fak-488-dapi-03_Out_Channel Alignment.czi_nucleo_0(15).tif T1	nucleus without clusters	Otsu	Otsu	TRUE	0.089	0.58	0.96	2039	420	0.072	0.291	12.132	1	2.77E-66	246.091	42.48	9.989	2.837	1
68	C3-d2-dox-h2ax-647-dnapk-564-fak-488-dapi-03_Out_Channel Alignment.czi_nucleo_1(15).tif T1	C1-d2-dox-h2ax-647-dnapk-564-fak-488-dapi-03_Out_Channel Alignment.czi_nucleo_1(15).tif T1	nucleus	Otsu	Otsu	TRUE	0.135	0.569	0.967	2905	1504	0.031	0.358	16.692	1	1.66E-123	237.428	22.96	1.962	0.652	1
69	C3-d2-dox-h2ax-647-dnapk-564-fak-488-dapi-03_Out_Channel Alignment.czi_nucleo_1(15).tif T1	C1-d2-dox-h2ax-647-dnapk-564-fak-488-dapi-03_Out_Channel Alignment.czi_nucleo_1(15).tif T1	combine	Otsu	Otsu	TRUE	0.112	0.674	0.972	4357	1251	0.055	0.349	3.089	1	6.27E-06	21.071	4.355	0.703	0.237	1
70	C3-d2-dox-h2ax-647-dnapk-564-fak-488-dapi-03_Out_Channel Alignment.czi_nucleo_1(15).tif T1	C1-d2-dox-h2ax-647-dnapk-564-fak-488-dapi-03_Out_Channel Alignment.czi_nucleo_1(15).tif T1	nucleus without clusters	Otsu	Otsu	TRUE	0.118	0.544	0.966	2211	1675	0.019	0.422	15.266	1	1.15E-103	216.358	27.441	1.19	0.44	1
71	C3-d2-dox-h2ax-647-dnapk-564-fak-488-dapi-05_Out_Channel Alignment.czi_nucleo_0(11).tif T1	C1-d2-dox-h2ax-647-dnapk-564-fak-488-dapi-05_Out_Channel Alignment.czi_nucleo_0(11).tif T1	nucleus	Otsu	Otsu	TRUE	0.143	0.644	0.965	1324	4226	0.074	0.275	19.739	1	8.78E-172	257.256	16.43	3.751	1.031	1
72	C3-d2-dox-h2ax-647-dnapk-564-fak-488-dapi-05_Out_Channel Alignment.czi_nucleo_0(11).tif T1	C1-d2-dox-h2ax-647-dnapk-564-fak-488-dapi-05_Out_Channel Alignment.czi_nucleo_0(11).tif T1	combine	Otsu	Otsu	TRUE	0.149	0.813	0.971	1766	5431	0.089	0.371	4.677	1	1.87E-11	26.589	5.892	1.232	0.503	1
73	C3-d2-dox-h2ax-647-dnapk-564-fak-488-dapi-05_Out_Channel Alignment.czi_nucleo_0(11).tif T1	C1-d2-dox-h2ax-647-dnapk-564-fak-488-dapi-05_Out_Channel Alignment.czi_nucleo_0(11).tif T1	nucleus without clusters	Otsu	Otsu	TRUE	0.046	0.592	0.963	790	2641	0.037	0.147	6.992	1	2.33E-23	230.667	28.056	5.503	0.834	1
74	C3-d2-dox-h2ax-647-dnapk-564-fak-488-dapi-06_Out_Channel Alignment.czi_nucleo_0(9).tif T1	C1-d2-dox-h2ax-647-dnapk-564-fak-488-dapi-06_Out_Channel Alignment.czi_nucleo_0(9).tif T1	nucleus	Otsu	Otsu	TRUE	0.397	0.868	0.994	1391	8533	0.472	0.406	67.094	1	0	445.773	72.883	84.846	31.615	1
75	C3-d2-dox-h2ax-647-dnapk-564-fak-488-dapi-06_Out_Channel Alignment.czi_nucleo_0(9).tif T1	C1-d2-dox-h2ax-647-dnapk-564-fak-488-dapi-06_Out_Channel Alignment.czi_nucleo_0(9).tif T1	combine	Otsu	Otsu	TRUE	0.447	0.932	0.995	1997	10167	0.543	0.479	25.016	1	1.83E-274	76.398	17.316	19.723	9.053	1
76	C3-d2-dox-h2ax-647-dnapk-564-fak-488-dapi-06_Out_Channel Alignment.czi_nucleo_0(9).tif T1	C1-d2-dox-h2ax-647-dnapk-564-fak-488-dapi-06_Out_Channel Alignment.czi_nucleo_0(9).tif T1	nucleus without clusters	Otsu	Otsu	TRUE	0.34	0.844	0.994	1033	8005	0.369	0.481	51.049	1	0	369.627	86.597	66.436	29.788	1
77	C3-d2-dox-h2ax-647-dnapk-564-fak-488-dapi-06_Out_Channel Alignment.czi_nucleo_1(11).tif T1	C1-d2-dox-h2ax-647-dnapk-564-fak-488-dapi-06_Out_Channel Alignment.czi_nucleo_1(11).tif T1	nucleus	Otsu	Otsu	TRUE	0.157	0.609	0.987	1667	6366	0.04	0.252	18.599	1	8.72E-153	243.347	20.065	3.768	0.899	1
78	C3-d2-dox-h2ax-647-dnapk-564-fak-488-dapi-06_Out_Channel Alignment.czi_nucleo_1(11).tif T1	C1-d2-dox-h2ax-647-dnapk-564-fak-488-dapi-06_Out_Channel Alignment.czi_nucleo_1(11).tif T1	combine	Otsu	Otsu	TRUE	0.161	0.713	0.991	2141	2691	0.115	0.398	5.057	1	4.27E-13	31.163	7.584	2.36	0.937	1
79	C3-d2-dox-h2ax-647-dnapk-564-fak-488-dapi-06_Out_Channel Alignment.czi_nucleo_1(11).tif T1	C1-d2-dox-h2ax-647-dnapk-564-fak-488-dapi-06_Out_Channel Alignment.czi_nucleo_1(11).tif T1	nucleus without clusters	Otsu	Otsu	TRUE	0.174	0.569	0.986	1151	7019	0.05	0.429	19.955	1	1.62E-175	212.185	22.404	2.912	1.107	1
80	C3-d2-dox-h2ax-647-dnapk-564-fak-488-dapi-07_Out_Channel Alignment.czi_nucleo_2(11).tif T1	C1-d2-dox-h2ax-647-dnapk-564-fak-488-dapi-07_Out_Channel Alignment.czi_nucleo_2(11).tif T1	nucleus	Otsu	Otsu	TRUE	0.072	0.62	0.974	1498	2776	0.032	0.149	11.056	1	2.09E-55	234.859	20.034	4.304	0.61	1
81	C3-d2-dox-h2ax-647-dnapk-564-fak-488-dapi-07_Out_Channel Alignment.czi_nucleo_2(11).tif T1	C1-d2-dox-h2ax-647-dnapk-564-fak-488-dapi-07_Out_Channel Alignment.czi_nucleo_2(11).tif T1	combine	Otsu	Otsu	TRUE	0.13	0.874	0.976	2535	4339	0.034	0.226	2.217	0.999	8.58E-04	10.468	1.941	0.239	0.058	1
82	C3-d2-dox-h2ax-647-dnapk-564-fak-488-dapi-07_Out_Channel Alignment.czi_nucleo_2(11).tif T1	C1-d2-dox-h2ax-647-dnapk-564-fak-488-dapi-07_Out_Channel Alignment.czi_nucleo_2(11).tif T1	nucleus without clusters	Otsu	Otsu	TRUE	0.041	0.591	0.974	1274	2696	0.022	0.137	5.978	1	1.41E-17	224.391	22.852	3.975	0.548	1
83	C3-d2-dox-h2ax-647-dnapk-564-fak-488-dapi-08_Out_Channel Alignment.czi_nucleo_0(13).tif T1	C1-d2-dox-h2ax-647-dnapk-564-fak-488-dapi-08_Out_Channel Alignment.czi_nucleo_0(13).tif T1	nucleus	Otsu	Otsu	TRUE	0.121	0.622	0.961	4194	2590	0.04	0.178	15.976	1	2.48E-113	251.142	20.073	3.784	0.772	1
84	C3-d2-dox-h2ax-647-dnapk-564-fak-488-dapi-08_Out_Channel Alignment.czi_nucleo_0(13).tif T1	C1-d2-dox-h2ax-647-dnapk-564-fak-488-dapi-08_Out_Channel Alignment.czi_nucleo_0(13).tif T1	combine	Otsu	Otsu	TRUE	0.041	0.692	0.961	5383	2725	0.051	0.241	0.532	0.774	0.226	27.283	5.802	1.203	0.314	1
85	C3-d2-dox-h2ax-647-dnapk-564-fak-488-dapi-08_Out_Channel Alignment.czi_nucleo_0(13).tif T1	C1-d2-dox-h2ax-647-dnapk-564-fak-488-dapi-08_Out_Channel Alignment.czi_nucleo_0(13).tif T1	nucleus without clusters	Otsu	Otsu	TRUE	0.115	0.601	0.961	3235	2590	0.027	0.185	16.834	1	1.41E-125	223.859	20.517	2.488	0.51	1
86	C3-d2-dox-h2ax-647-dnapk-564-fak-488-dapi-16_Out_Channel Alignment.czi_nucleo_0(16).tif T1	C1-d2-dox-h2ax-647-dnapk-564-fak-488-dapi-16_Out_Channel Alignment.czi_nucleo_0(16).tif T1	nucleus	Otsu	Otsu	TRUE	0.035	0.579	0.94	1852	3475	0.002	0.224	4.884	1	2.48E-12	267.571	23.011	0.33	0.05	1
87	C3-d2-dox-h2ax-647-dnapk-564-fak-488-dapi-16_Out_Channel Alignment.czi_nucleo_0(16).tif T1	C1-d2-dox-h2ax-647-dnapk-564-fak-488-dapi-16_Out_Channel Alignment.czi_nucleo_0(16).tif T1	combine	Otsu	Otsu	TRUE	0.059	0.764	0.941	2941	2303	0	0	1.137	0.946	0.054	8.693	1.475	0.027	0	1
88	C3-d2-dox-h2ax-647-dnapk-564-fak-488-dapi-16_Out_Channel Alignment.czi_nucleo_0(16).tif T1	C1-d2-dox-h2ax-647-dnapk-564-fak-488-dapi-16_Out_Channel Alignment.czi_nucleo_0(16).tif T1	nucleus without clusters	Otsu	Otsu	TRUE	0.029	0.566	0.94	1852	3549	0.002	0.236	4.09	1	3.65E-09	259.005	20.557	0.304	0.05	1
